INSERT INTO DISBURSEMENT_SCHEME_CONFIG (id) VALUES
(1);


INSERT INTO RULE (id, disbursement_scheme_config_id, sequence, description, deleted) VALUES
(1, 1, 1, 'First rule', FALSE),
(2, 1, 1, 'Deleted rule', TRUE);


INSERT INTO CRITERION (id, sequence, rule_id, description, deleted) VALUES
(1, 1, 1, 'Criterion 1', FALSE),
(2, 1, 1, 'Criterion 2', TRUE),
(3, 1, 2, 'Criterion 3', FALSE),
(4, 1, 2, 'Criterion 4', FALSE);


INSERT INTO CONDITION (id, sequence, criterion_id, parameter, operator, value, pass) VALUES
(1, 1, 4, 'LIVING_STATUS', 'EQUAL_TO', 'TRUE', NULL),
(2, 1, 2, 'LIVING_STATUS', 'EQUAL_TO', 'TRUE', NULL),
(3, 1, 3, 'LIVING_STATUS', 'EQUAL_TO', 'TRUE', NULL),
(4, 1, 1, 'LIVING_STATUS', 'EQUAL_TO', 'TRUE', NULL),
(5, 1, 1, 'AGE', 'GREATER_THAN', '18', NULL),
(6, 1, 4, 'AGE', 'GREATER_THAN', '18', NULL),
(7, 1, 4, 'NATIONALITY', 'EQUAL_TO', 'Singaporean', NULL),
(8, 1, 3, 'NATIONALITY', 'EQUAL_TO', 'Singaporean', NULL),
(9, 1, 2, 'NATIONALITY', 'EQUAL_TO', 'Singaporean', NULL),
(10, 1, 1, 'NATIONALITY', 'EQUAL_TO', 'Singaporean', NULL),
(11, 1, 2, 'AGE', 'SMALLER_THAN', '55', NULL),
(12, 1, 3, 'AGE', 'SMALLER_THAN', '55', NULL);


INSERT INTO PERSON (id, name, nric, nationality, birth_date, death_date, citizenship_attainment_date, income) VALUES
(1, 'john', 'T1234567C', 'Singaporean', FORMATDATETIME(CURRENT_TIMESTAMP(), 'Y-MM-01'), NULL, FORMATDATETIME(CURRENT_TIMESTAMP(), 'Y-MM-01'), 0),
(2, 'doe', 'T78542367C', 'Singaporean', FORMATDATETIME(DATEADD(yy,-2,CURRENT_TIMESTAMP) ,'Y-MM-01'), NULL, FORMATDATETIME(DATEADD(yy,-2,CURRENT_TIMESTAMP) ,'Y-MM-01'), 0),
(3, 'mary', NULL, 'Indonesian', FORMATDATETIME(DATEADD(yy,-90,CURRENT_TIMESTAMP) ,'Y-MM-01'), FORMATDATETIME(DATEADD(yy,-2,CURRENT_TIMESTAMP) ,'Y-MM-01'), NULL, 0),
(4, 'tim', NULL, 'Japanese', FORMATDATETIME(DATEADD(yy,-20,CURRENT_TIMESTAMP) ,'Y-MM-01'), NULL, NULL, 5000000),
(5, 'jerry', NULL, 'Korean', FORMATDATETIME(DATEADD(yy,-56,CURRENT_TIMESTAMP) ,'Y-MM-01'), NULL, NULL, 12358),
(6, 'beth', 'S7182458J', 'Singaporean', FORMATDATETIME(DATEADD(yy,-51,CURRENT_TIMESTAMP) ,'Y-MM-01'), NULL, FORMATDATETIME(DATEADD(yy,-10,CURRENT_TIMESTAMP) ,'Y-MM-01'), 89631),
(7, 'liz', 'T1234567C', 'Singaporean', FORMATDATETIME(DATEADD(yy,-19,CURRENT_TIMESTAMP) ,'Y-MM-01'), NULL, FORMATDATETIME(DATEADD(yy,-19,CURRENT_TIMESTAMP) ,'Y-MM-01'), 2000),
(8, 'shawn', NULL, 'American', FORMATDATETIME(DATEADD(yy,-30, CURRENT_TIMESTAMP) ,'Y-MM-01'), NULL, NULL, 412386),
(9, 'shaun', 'S9764275C', 'Singaporean', FORMATDATETIME(DATEADD(yy,-50,CURRENT_TIMESTAMP) ,'Y-MM-01'), NULL, FORMATDATETIME(DATEADD(mm,-10,CURRENT_TIMESTAMP) ,'Y-MM-01'), 20000),
(10, 'lizzy', NULL, 'British', FORMATDATETIME(DATEADD(yy,-86,CURRENT_TIMESTAMP) ,'Y-MM-01'), NULL, NULL, 10000);